question,answer
What foods should breast cancer patients eat?	A balanced diet should include antioxidant-rich fruits like berries,spinach
What foods should breast cancer patients avoid?	Avoid processed meats,high-sugar foods
How does diet impact breast cancer recovery?	A nutritious diet helps maintain strength,reduce inflammation
How often should breast cancer patients eat?	Eating small,frequent meals (every 3-4 hours) helps manage energy levels and prevents nausea
Can breast cancer patients take dairy products?	Dairy is generally safe,but some suggest choosing organic dairy or plant-based alternatives like almond or soy milk to avoid added hormones.
What vitamins and supplements are beneficial for breast cancer patients?	Vitamin D,Omega-3 fatty acids
What is the best exercise routine for breast cancer patients?	Low-impact exercises like walking,yoga
How does stress affect breast cancer recovery?	Chronic stress can weaken the immune system. Practices like meditation,deep breathing
What are the different treatment options for breast cancer?	Treatments include surgery (lumpectomy or mastectomy),chemotherapy
What are the side effects of chemotherapy?	Side effects may include nausea,hair loss
What is radiation therapy,and how does it help?	Radiation therapy uses high-energy rays to kill cancer cells after surgery to prevent recurrence in the affected area.
What is hormone therapy,and who needs it?	Hormone therapy is given to patients with hormone receptor-positive breast cancer to block estrogen or progesterone
What is targeted therapy for HER2-positive breast cancer?	Targeted therapy like trastuzumab (Herceptin) blocks HER2 protein,stopping cancer cell growth in HER2-positive patients.
How does immunotherapy work for breast cancer?	Immunotherapy boosts the immune system to recognize and attack cancer cells,mainly used for triple-negative breast cancer.
How often should breast cancer survivors get check-ups?	Regular check-ups every 3-6 months for the first few years,then annually
How can breast cancer patients manage fatigue?	Adequate sleep,gentle exercise
What are the signs of breast cancer recurrence?	Recurrence signs may include a new lump,pain in the chest
How can I prevent breast cancer recurrence?	Maintain a healthy lifestyle,follow treatment plans
Can breast cancer patients drink coffee?	Moderate coffee consumption is safe and may offer antioxidants,but excessive caffeine can cause dehydration and anxiety.
How does weight impact breast cancer risk?	Being overweight increases estrogen levels,which can fuel cancer growth
Can breast cancer patients eat soy products?	Moderate soy consumption (like tofu and soy milk) is safe and may even provide protective benefits,but avoid high-dose soy supplements.
What alternative therapies can help breast cancer patients?	Acupuncture,massage therapy
How does sleep affect breast cancer recovery?	Proper sleep (7-9 hours per night) helps with immune function and stress management,promoting better recovery.
What are some self-care tips during chemotherapy?	Stay hydrated,eat nutrient-dense foods
Can alcohol consumption affect breast cancer patients?	Excess alcohol increases estrogen levels and may raise the risk of recurrence,so it’s best to limit or avoid it.
What should breast cancer patients eat during chemotherapy?	High-protein foods like eggs,nuts
What is the role of probiotics in breast cancer care?	Probiotics support gut health,which can improve digestion and immune function during treatment.
How often should breast cancer patients do a self-exam?	Monthly self-examinations help detect any new lumps,skin changes
Can breast cancer patients take hormone replacement therapy (HRT)?	HRT may increase recurrence risks for hormone receptor-positive cancer patients,so always consult a doctor before use.
What is triple-negative breast cancer?	It is a type of breast cancer that does not have estrogen,progesterone
Can pregnancy increase breast cancer risk?	Pregnancy does not increase breast cancer risk,but if diagnosed during pregnancy
What is the best diet for breast cancer survivors?	A plant-based diet rich in whole foods,fiber
Can breast cancer patients fast during treatment?	Fasting may not be suitable for all patients,as it can lead to fatigue. Consult your doctor before making dietary changes.
How does chemotherapy affect fertility in breast cancer patients?	Some chemotherapy drugs can affect ovarian function,so discussing fertility preservation options before treatment is crucial.
What are some psychological effects of breast cancer treatment?	Anxiety,depression
Can stress cause breast cancer?	While stress alone does not cause cancer,chronic stress may weaken the immune system
Can breast cancer patients undergo reconstructive surgery?	Yes,breast reconstruction is an option post-mastectomy and can be done immediately or delayed
How does smoking affect breast cancer treatment?	Smoking can interfere with healing and increase complications,so quitting is highly recommended.
What lifestyle changes can reduce breast cancer risk?	Regular exercise,a healthy diet
How does estrogen dominance impact breast cancer?	High estrogen levels can fuel hormone receptor-positive breast cancer,so diet and lifestyle modifications are important.
Can breastfeeding reduce the risk of breast cancer?	Yes,breastfeeding can lower hormone levels and reduce the risk of developing breast cancer later in life.
